0,1,2,3
BB_x_1.mat,[],[],[]
BB_y_1.mat,[],[],[]
BB_z_1.mat,[],[],[]
BB_x_2.mat,[],[],[]
BB_y_2.mat,[],[],[]
BB_z_2.mat,[],[],[]
BB_x_3.mat,[],[],[]
BB_y_3.mat,[],[],[]
BB_z_3.mat,[],[],[]
BB_x_4.mat,[],[],[]
BB_y_4.mat,[],[],[]
BB_z_4.mat,[],[],[]
BB_x_5.mat,[],[],[]
BB_y_5.mat,[],[],[]
BB_z_5.mat,[],[],[]
BB_x_6.mat,[],[],[]
BB_y_6.mat,[],[],[]
BB_z_6.mat,[],[],[]
BB_x_7.mat,[],[],[]
BB_y_7.mat,[],[],[]
BB_z_7.mat,[],[],[]
BB_x_8.mat,[],[],[]
BB_y_8.mat,[],[],[]
BB_z_8.mat,[],[],[]
BB_x_9.mat,[],[],[]
BB_y_9.mat,[],[],[]
BB_z_9.mat,[],[],[]
BB_x_10.mat,[],[],[]
BB_y_10.mat,[],[],[]
BB_z_10.mat,[],[],[]
BB_x_11.mat,[],[],[]
BB_y_11.mat,[],[],[]
BB_z_11.mat,[],[],[]
BB_x_12.mat,[],[],[]
BB_y_12.mat,[],[],[]
BB_z_12.mat,[],[],[]
BB_x_13.mat,[],[],[]
BB_y_13.mat,[],[],[]
BB_z_13.mat,[],[],[]
BB_x_14.mat,[],[],[]
BB_y_14.mat,[],[],[]
BB_z_14.mat,[],[],[]
BB_x_15.mat,[],[],[]
BB_y_15.mat,[],[],[]
BB_z_15.mat,[],[],[]
BB_x_16.mat,[],[],[]
BB_y_16.mat,[],[],[]
BB_z_16.mat,[],[],[]
BB_x_17.mat,[],[],[]
BB_y_17.mat,[],[],[]
BB_z_17.mat,[],[],[]
BB_x_18.mat,[],[],[]
BB_y_18.mat,[],[],[]
BB_z_18.mat,[],[],[]
BB_x_19.mat,[],[],[]
BB_y_19.mat,[],[],[]
BB_z_19.mat,[],[],[]
BB_x_20.mat,[],[],[]
BB_y_20.mat,[],[],[]
BB_z_20.mat,[],[],[]
BB_x_21.mat,[],[],[]
BB_y_21.mat,[],[],[]
BB_z_21.mat,[],[],[]
BB_x_22.mat,[],[],[]
BB_y_22.mat,[],[],[]
BB_z_22.mat,[],[],[]
BB_x_23.mat,[],[],[]
BB_y_23.mat,[],[],[]
BB_z_23.mat,[],[],[]
BB_x_24.mat,[],[],[]
BB_y_24.mat,[],[],[]
BB_z_24.mat,[],[],[]
BB_x_25.mat,[],[],[]
BB_y_25.mat,[],[],[]
BB_z_25.mat,[],[],[]
BB_x_26.mat,[],[],[]
BB_y_26.mat,[],[],[]
BB_z_26.mat,[],[],[]
BB_x_27.mat,[],[],[]
BB_y_27.mat,[],[],[]
BB_z_27.mat,[],[],[]
BB_x_28.mat,[],[],[]
BB_y_28.mat,[],[],[]
BB_z_28.mat,[],[],[]
BB_x_29.mat,[],[],[]
BB_y_29.mat,[],[],[]
BB_z_29.mat,[],[],[]
BB_x_30.mat,[],[],[]
BB_y_30.mat,[],[],[]
BB_z_30.mat,[],[],[]
BB_x_31.mat,[],[],[]
BB_y_31.mat,[],[],[]
BB_z_31.mat,[],[],[]
BB_x_32.mat,[],[],[]
BB_y_32.mat,[],[],[]
BB_z_32.mat,[],[],[]
BB_x_33.mat,[],[],[]
BB_y_33.mat,[],[],[]
BB_z_33.mat,[],[],[]
BB_x_34.mat,[],[],[]
BB_y_34.mat,[],[],[]
BB_z_34.mat,[],[],[]
BB_x_35.mat,[],[],[]
BB_y_35.mat,[],[],[]
BB_z_35.mat,[],[],[]
BB_x_36.mat,[],[],[]
BB_y_36.mat,[],[],[]
BB_z_36.mat,[],[],[]
BB_x_37.mat,[],[],[]
BB_y_37.mat,[],[],[]
BB_z_37.mat,[],[],[]
BB_x_38.mat,[],[],[]
BB_y_38.mat,[],[],[]
BB_z_38.mat,[],[],[]
BB_x_39.mat,[],[],[]
BB_y_39.mat,[],[],[]
BB_z_39.mat,[],[],[]
BB_x_40.mat,[],[],[]
BB_y_40.mat,[],[],[]
BB_z_40.mat,[],[],[]
BB_x_41.mat,[],[],[]
BB_y_41.mat,[],[],[]
BB_z_41.mat,[],[],[]
BB_x_42.mat,[],[],[]
BB_y_42.mat,[],[],[]
BB_z_42.mat,[],[],[]
BB_x_43.mat,[],[],[]
BB_y_43.mat,[],[],[]
BB_z_43.mat,[],[],[]
BB_x_44.mat,[],[],[]
BB_y_44.mat,[],[],[]
BB_z_44.mat,[],[],[]
BB_x_45.mat,[],[],[]
BB_y_45.mat,[],[],[]
BB_z_45.mat,[],[],[]
BB_x_46.mat,[],[],[]
BB_y_46.mat,[],[],[]
BB_z_46.mat,[],[],[]
BB_x_47.mat,[],[],[]
BB_y_47.mat,[],[],[]
BB_z_47.mat,[],[],[]
BB_x_48.mat,[],[],[]
BB_y_48.mat,[],[],[]
BB_z_48.mat,[],[],[]
BB_x_49.mat,[],[],[]
BB_y_49.mat,[],[],[]
BB_z_49.mat,[],[],[]
BB_x_50.mat,[],[],[]
BB_y_50.mat,[],[],[]
BB_z_50.mat,[],[],[]
BB_x_51.mat,[],[],[]
BB_y_51.mat,[],[],[]
BB_z_51.mat,[],[],[]
BB_x_52.mat,[],[],[]
BB_y_52.mat,[],[],[]
BB_z_52.mat,[],[],[]
BB_x_53.mat,[],[],[]
BB_y_53.mat,[],[],[]
BB_z_53.mat,[],[],[]
BB_x_54.mat,[],[],[]
BB_y_54.mat,[],[],[]
BB_z_54.mat,[],[],[]
BB_x_55.mat,[],[],[]
BB_y_55.mat,[],[],[]
BB_z_55.mat,[],[],[]
BB_x_56.mat,[],[],[]
BB_y_56.mat,[],[],[]
BB_z_56.mat,[],[],[]
BB_x_57.mat,[],[],[]
BB_y_57.mat,[],[],[]
BB_z_57.mat,[],[],[]
BB_x_58.mat,[],[],[]
BB_y_58.mat,[],[],[]
BB_z_58.mat,[],[],[]
BB_x_59.mat,[],[],[]
BB_y_59.mat,[],[],[]
BB_z_59.mat,[],[],[]
BB_x_60.mat,[],[],[]
BB_y_60.mat,[],[],[]
BB_z_60.mat,[],[],[]
BB_x_61.mat,[],[],[]
BB_y_61.mat,[],[],[]
BB_z_61.mat,[],[],[]
BB_x_62.mat,[],[],[]
BB_y_62.mat,[],[],[]
BB_z_62.mat,[],[],[]
BB_x_63.mat,[],[],[]
BB_y_63.mat,[],[],[]
BB_z_63.mat,[],[],[]
BB_x_64.mat,[],[],[]
BB_y_64.mat,[],[],[]
BB_z_64.mat,[],[],[]
BB_x_65.mat,[],[],[]
BB_y_65.mat,[],[],[]
BB_z_65.mat,[],[],[]
BB_x_66.mat,[],[],[]
BB_y_66.mat,[],[],[]
BB_z_66.mat,[],[],[]
BB_x_67.mat,[],[],[]
BB_y_67.mat,[],[],[]
BB_z_67.mat,[],[],[]
BB_x_68.mat,[],[],[]
BB_y_68.mat,[],[],[]
BB_z_68.mat,[],[],[]
BB_x_69.mat,[],[],[]
BB_y_69.mat,[],[],[]
BB_z_69.mat,[],[],[]
BB_x_70.mat,[],[],[]
BB_y_70.mat,[],[],[]
BB_z_70.mat,[],[],[]
BB_x_71.mat,[],[],[]
BB_y_71.mat,[],[],[]
BB_z_71.mat,[],[],[]
BB_x_72.mat,[],[],[]
BB_y_72.mat,[],[],[]
BB_z_72.mat,[],[],[]
BB_x_73.mat,[],[],[]
BB_y_73.mat,[],[],[]
BB_z_73.mat,[],[],[]
BB_x_74.mat,[],[],[]
BB_y_74.mat,[],[],[]
BB_z_74.mat,[],[],[]
BB_x_75.mat,[],[],[]
BB_y_75.mat,[],[],[]
BB_z_75.mat,[],[],[]
BB_x_76.mat,[],[],[]
BB_y_76.mat,[],[],[]
BB_z_76.mat,[],[],[]
BB_x_77.mat,[],[],[]
BB_y_77.mat,[],[],[]
BB_z_77.mat,[],[],[]
BB_x_78.mat,[],[],[]
BB_y_78.mat,[],[],[]
BB_z_78.mat,[],[],[]
BB_x_79.mat,[],[],[]
BB_y_79.mat,[],[],[]
BB_z_79.mat,[],[],[]
BB_x_80.mat,[],[],[]
BB_y_80.mat,[],[],[]
BB_z_80.mat,[],[],[]
BB_x_81.mat,[],[],[]
BB_y_81.mat,[],[],[]
BB_z_81.mat,[],[],[]
BB_x_82.mat,[],[],[]
BB_y_82.mat,[],[],[]
BB_z_82.mat,[],[],[]
BB_x_83.mat,[],[],[]
BB_y_83.mat,[],[],[]
BB_z_83.mat,[],[],[]
BB_x_84.mat,[],[],[]
BB_y_84.mat,[],[],[]
BB_z_84.mat,[],[],[]
BB_x_85.mat,[],[],[]
BB_y_85.mat,[],[],[]
BB_z_85.mat,[],[],[]
BB_x_86.mat,[],[],[]
BB_y_86.mat,[],[],[]
BB_z_86.mat,[],[],[]
BB_x_87.mat,[],[],[]
BB_y_87.mat,[],[],[]
BB_z_87.mat,[],[],[]
BB_x_88.mat,[],[],[]
BB_y_88.mat,[],[],[]
BB_z_88.mat,[],[],[]
BB_x_89.mat,[],[],[]
BB_y_89.mat,[],[],[]
BB_z_89.mat,[],[],[]
BB_x_90.mat,[],[],[]
BB_y_90.mat,[],[],[]
BB_z_90.mat,[],[],[]
BB_x_91.mat,[],[],[]
BB_y_91.mat,[],[],[]
BB_z_91.mat,[],[],[]
BB_x_92.mat,[],[],[]
BB_y_92.mat,[],[],[]
BB_z_92.mat,[],[],[]
BB_x_93.mat,[],[],[]
BB_y_93.mat,[],[],[]
BB_z_93.mat,[],[],[]
BB_x_94.mat,[],[],[]
BB_y_94.mat,[],[],[]
BB_z_94.mat,[],[],[]
BB_x_95.mat,[],[],[]
BB_y_95.mat,[],[],[]
BB_z_95.mat,[],[],[]
BB_x_96.mat,[],[],[]
BB_y_96.mat,[],[],[]
BB_z_96.mat,[],[],[]
BB_x_97.mat,[],[],[]
BB_y_97.mat,[],[],[]
BB_z_97.mat,[],[],[]
BB_x_98.mat,[],[],[]
BB_y_98.mat,[],[],[]
BB_z_98.mat,[],[],[]
BB_x_99.mat,[],[],[]
BB_y_99.mat,[],[],[]
BB_z_99.mat,[],[],[]
BB_x_100.mat,[],[],[]
BB_y_100.mat,[],[],[]
BB_z_100.mat,[],[],[]
BB_x_101.mat,[],[],[]
BB_y_101.mat,[],[],[]
BB_z_101.mat,[],[],[]
BB_x_102.mat,[],[],[]
BB_y_102.mat,[],[],[]
BB_z_102.mat,[],[],[]
BB_x_103.mat,[],[],[]
BB_y_103.mat,[],[],[]
BB_z_103.mat,[],[],[]
BB_x_104.mat,[],[],[]
BB_y_104.mat,[],[],[]
BB_z_104.mat,[],[],[]
BB_x_105.mat,[],[],[]
BB_y_105.mat,[],[],[]
BB_z_105.mat,[],[],[]
BB_x_106.mat,[],[],[]
BB_y_106.mat,[],[],[]
BB_z_106.mat,[],[],[]
BB_x_107.mat,[],[],[]
BB_y_107.mat,[],[],[]
BB_z_107.mat,[],[],[]
BB_x_108.mat,[],[],[]
BB_y_108.mat,[],[],[]
BB_z_108.mat,[],[],[]
BB_x_109.mat,[],[],[]
BB_y_109.mat,[],[],[]
BB_z_109.mat,[],[],[]
BB_x_110.mat,[],[],[]
BB_y_110.mat,[],[],[]
BB_z_110.mat,[],[],[]
BB_x_111.mat,[],[],[]
BB_y_111.mat,[],[],[]
BB_z_111.mat,[],[],[]
BB_x_112.mat,[],[],[]
BB_y_112.mat,[],[],[]
BB_z_112.mat,[],[],[]
BB_x_113.mat,[],[],[]
BB_y_113.mat,[],[],[]
BB_z_113.mat,[],[],[]
BB_x_114.mat,[],[],[]
BB_y_114.mat,[],[],[]
BB_z_114.mat,[],[],[]
BB_x_115.mat,[],[],[]
BB_y_115.mat,[],[],[]
BB_z_115.mat,[],[],[]
BB_x_116.mat,[],[],[]
BB_y_116.mat,[],[],[]
BB_z_116.mat,[],[],[]
BB_x_117.mat,[],[],[]
BB_y_117.mat,[],[],[]
BB_z_117.mat,[],[],[]
BB_x_118.mat,[],[],[]
BB_y_118.mat,[],[],[]
BB_z_118.mat,[],[],[]
BB_x_119.mat,[],[],[]
BB_y_119.mat,[],[],[]
BB_z_119.mat,[],[],[]
BB_x_120.mat,[],[],[]
BB_y_120.mat,[],[],[]
BB_z_120.mat,[],[],[]
BB_x_121.mat,[],[],[]
BB_y_121.mat,[],[],[]
BB_z_121.mat,[],[],[]
BB_x_122.mat,[],[],[]
BB_y_122.mat,[],[],[]
BB_z_122.mat,[],[],[]
BB_x_123.mat,[],[],[]
BB_y_123.mat,[],[],[]
BB_z_123.mat,[],[],[]
BB_x_124.mat,[],[],[]
BB_y_124.mat,[],[],[]
BB_z_124.mat,[],[],[]
BB_x_125.mat,[],[],[]
BB_y_125.mat,[],[],[]
BB_z_125.mat,[],[],[]
BB_x_126.mat,[],[],[]
BB_y_126.mat,[],[],[]
BB_z_126.mat,[],[],[]
BB_x_127.mat,[],[],[]
BB_y_127.mat,[],[],[]
BB_z_127.mat,[],[],[]
BB_x_128.mat,[],[],[]
BB_y_128.mat,[],[],[]
BB_z_128.mat,[],[],[]
BB_x_129.mat,[],[],[]
BB_y_129.mat,[],[],[]
BB_z_129.mat,[],[],[]
BB_x_130.mat,[],[],[]
BB_y_130.mat,[],[],[]
BB_z_130.mat,[],[],[]
BB_x_131.mat,[],[],[]
BB_y_131.mat,[],[],[]
BB_z_131.mat,[],[],[]
BB_x_132.mat,[],[],[]
BB_y_132.mat,[],[],[]
BB_z_132.mat,[],[],[]
BB_x_133.mat,[],[],[]
BB_y_133.mat,[],[],[]
BB_z_133.mat,[],[],[]
BB_x_134.mat,[],[],[]
BB_y_134.mat,[],[],[]
BB_z_134.mat,[],[],[]
BB_x_135.mat,[],[],[]
BB_y_135.mat,[],[],[]
BB_z_135.mat,[],[],[]
BB_x_136.mat,[],[],[]
BB_y_136.mat,[],[],[]
BB_z_136.mat,[],[],[]
BB_x_137.mat,[],[],[]
BB_y_137.mat,[],[],[]
BB_z_137.mat,[],[],[]
BB_x_138.mat,[],[],[]
BB_y_138.mat,[],[],[]
BB_z_138.mat,[],[],[]
BB_x_139.mat,[],[],[]
BB_y_139.mat,[],[],[]
BB_z_139.mat,[],[],[]
BB_x_140.mat,[],[],[]
BB_y_140.mat,[],[],[]
BB_z_140.mat,[],[],[]
BB_x_141.mat,[],[],[]
BB_y_141.mat,[],[],[]
BB_z_141.mat,[],[],[]
BB_x_142.mat,[],[],[]
BB_y_142.mat,[],[],[]
BB_z_142.mat,[],[],[]
BB_x_143.mat,[],[],[]
BB_y_143.mat,[],[],[]
BB_z_143.mat,[],[],[]
BB_x_144.mat,[],[],[]
BB_y_144.mat,[],[],[]
BB_z_144.mat,[],[],[]
BB_x_145.mat,[],[],[]
BB_y_145.mat,[],[],[]
BB_z_145.mat,[],[],[]
BB_x_146.mat,[],[],[]
BB_y_146.mat,[],[],[]
BB_z_146.mat,[],[],[]
BB_x_147.mat,[],[],[]
BB_y_147.mat,[],[],[]
BB_z_147.mat,[],[],[]
BB_x_148.mat,[],[],[]
BB_y_148.mat,[],[],[]
BB_z_148.mat,[],[],[]
BB_x_149.mat,[],[],[]
BB_y_149.mat,[],[],[]
BB_z_149.mat,[],[],[]
BB_x_150.mat,[],[],[]
BB_y_150.mat,[],[],[]
BB_z_150.mat,[],[],[]
BB_x_151.mat,[],[],[]
BB_y_151.mat,[],[],[]
BB_z_151.mat,[],[],[]
BB_x_152.mat,[],[],[]
BB_y_152.mat,[],[],[]
BB_z_152.mat,[],[],[]
BB_x_153.mat,[],[],[]
BB_y_153.mat,[],[],[]
BB_z_153.mat,[],[],[]
BB_x_154.mat,[],[],[]
BB_y_154.mat,[],[],[]
BB_z_154.mat,[],[],[]
BB_x_155.mat,[],[],[]
BB_y_155.mat,[],[],[]
BB_z_155.mat,[],[],[]
BB_x_156.mat,[],[],[]
BB_y_156.mat,[],[],[]
BB_z_156.mat,[],[],[]
BB_x_157.mat,[],[],[]
BB_y_157.mat,[],[],[]
BB_z_157.mat,[],[],[]
BB_x_158.mat,[],[],[]
BB_y_158.mat,[],[],[]
BB_z_158.mat,[],[],[]
BB_x_159.mat,[],[],[]
BB_y_159.mat,[],[],[]
BB_z_159.mat,[],[],[]
BB_x_160.mat,[],[],[]
BB_y_160.mat,[],[],[]
BB_z_160.mat,[],[],[]
BB_x_161.mat,[],[],[]
BB_y_161.mat,[],[],[]
BB_z_161.mat,[],[],[]
BB_x_162.mat,[],[],[]
BB_y_162.mat,[],[],[]
BB_z_162.mat,[],[],[]
BB_x_163.mat,[],[],[]
BB_y_163.mat,[],[],[]
BB_z_163.mat,[],[],[]
BB_x_164.mat,[],[],[]
BB_y_164.mat,[],[],[]
BB_z_164.mat,[],[],[]
BB_x_165.mat,[],[],[]
BB_y_165.mat,[],[],[]
BB_z_165.mat,[],[],[]
BB_x_166.mat,[],[],[]
BB_y_166.mat,[],[],[]
BB_z_166.mat,[],[],[]
BB_x_167.mat,[],[],[]
BB_y_167.mat,[],[],[]
BB_z_167.mat,[],[],[]
BB_x_168.mat,[],[],[]
BB_y_168.mat,[],[],[]
BB_z_168.mat,[],[],[]
BB_x_169.mat,[],[],[]
BB_y_169.mat,[],[],[]
BB_z_169.mat,[],[],[]
BB_x_170.mat,[],[],[]
BB_y_170.mat,[],[],[]
BB_z_170.mat,[],[],[]
BB_x_171.mat,[],[],[]
BB_y_171.mat,[],[],[]
BB_z_171.mat,[],[],[]
BB_x_172.mat,[],[],[]
BB_y_172.mat,[],[],[]
BB_z_172.mat,[],[],[]
BB_x_173.mat,[],[],[]
BB_y_173.mat,[],[],[]
BB_z_173.mat,[],[],[]
BB_x_174.mat,[],[],[]
BB_y_174.mat,[],[],[]
BB_z_174.mat,[],[],[]
BB_x_175.mat,[],[],[]
BB_y_175.mat,[],[],[]
BB_z_175.mat,[],[],[]
BB_x_176.mat,[],[],[]
BB_y_176.mat,[],[],[]
BB_z_176.mat,[],[],[]
BB_x_177.mat,[],[],[]
BB_y_177.mat,[],[],[]
BB_z_177.mat,[],[],[]
BB_x_178.mat,[],[],[]
BB_y_178.mat,[],[],[]
BB_z_178.mat,[],[],[]
BB_x_179.mat,[],[],[]
BB_y_179.mat,[],[],[]
BB_z_179.mat,[],[],[]
BB_x_180.mat,[],[],[]
BB_y_180.mat,[],[],[]
BB_z_180.mat,[],[],[]
BB_x_181.mat,[],[],[]
BB_y_181.mat,[],[],[]
BB_z_181.mat,[],[],[]
BB_x_182.mat,[],[],[]
BB_y_182.mat,[],[],[]
BB_z_182.mat,[],[],[]
BB_x_183.mat,[],[],[]
BB_y_183.mat,[],[],[]
BB_z_183.mat,[],[],[]
BB_x_184.mat,[],[],[]
BB_y_184.mat,[],[],[]
BB_z_184.mat,[],[],[]
BB_x_185.mat,[],[],[]
BB_y_185.mat,[],[],[]
BB_z_185.mat,[],[],[]
BB_x_186.mat,[],[],[]
BB_y_186.mat,[],[],[]
BB_z_186.mat,[],[],[]
BB_x_187.mat,[],[],[]
BB_y_187.mat,[],[],[]
BB_z_187.mat,[],[],[]
BB_x_188.mat,[],[],[]
BB_y_188.mat,[],[],[]
BB_z_188.mat,[],[],[]
BB_x_189.mat,[],[],[]
BB_y_189.mat,[],[],[]
BB_z_189.mat,[],[],[]
BB_x_190.mat,[],[],[]
BB_y_190.mat,[],[],[]
BB_z_190.mat,[],[],[]
BB_x_191.mat,[],[],[]
BB_y_191.mat,[],[],[]
BB_z_191.mat,[],[],[]
BB_x_192.mat,[],[],[]
BB_y_192.mat,[],[],[]
BB_z_192.mat,[],[],[]
BB_x_193.mat,[],[],[]
BB_y_193.mat,[],[],[]
BB_z_193.mat,[],[],[]
BB_x_194.mat,[],[],[]
BB_y_194.mat,[],[],[]
BB_z_194.mat,[],[],[]
BB_x_195.mat,[],[],[]
BB_y_195.mat,[],[],[]
BB_z_195.mat,[],[],[]
BB_x_196.mat,[],[],[]
BB_y_196.mat,[],[],[]
BB_z_196.mat,[],[],[]
BB_x_197.mat,[],[],[]
BB_y_197.mat,[],[],[]
BB_z_197.mat,[],[],[]
BB_x_198.mat,[],[],[]
BB_y_198.mat,[],[],[]
BB_z_198.mat,[],[],[]
BB_x_199.mat,[],[],[]
BB_y_199.mat,[],[],[]
BB_z_199.mat,[],[],[]
BB_x_200.mat,[],[],[]
BB_y_200.mat,[],[],[]
BB_z_200.mat,[],[],[]
BB_x_201.mat,[],[],[]
BB_y_201.mat,[],[],[]
BB_z_201.mat,[],[],[]
BB_x_202.mat,[],[],[]
BB_y_202.mat,[],[],[]
BB_z_202.mat,[],[],[]
BB_x_203.mat,[],[],[]
BB_y_203.mat,[],[],[]
BB_z_203.mat,[],[],[]
BB_x_204.mat,[],[],[]
BB_y_204.mat,[],[],[]
BB_z_204.mat,[],[],[]
BB_x_205.mat,[],[],[]
BB_y_205.mat,[],[],[]
BB_z_205.mat,[],[],[]
BB_x_206.mat,[],[],[]
BB_y_206.mat,[],[],[]
BB_z_206.mat,[],[],[]
BB_x_207.mat,[],[],[]
BB_y_207.mat,[],[],[]
BB_z_207.mat,[],[],[]
BB_x_208.mat,[],[],[]
BB_y_208.mat,[],[],[]
BB_z_208.mat,[],[],[]
BB_x_209.mat,[],[],[]
BB_y_209.mat,[],[],[]
BB_z_209.mat,[],[],[]
BB_x_210.mat,[],[],[]
BB_y_210.mat,[],[],[]
BB_z_210.mat,[],[],[]
BB_x_211.mat,[],[],[]
BB_y_211.mat,[],[],[]
BB_z_211.mat,[],[],[]
BB_x_212.mat,[],[],[]
BB_y_212.mat,[],[],[]
BB_z_212.mat,[],[],[]
BB_x_213.mat,[],[],[]
BB_y_213.mat,[],[],[]
BB_z_213.mat,[],[],[]
BB_x_214.mat,[],[],[]
BB_y_214.mat,[],[],[]
BB_z_214.mat,[],[],[]
BB_x_215.mat,[],[],[]
BB_y_215.mat,[],[],[]
BB_z_215.mat,[],[],[]
BB_x_216.mat,[],[],[]
BB_y_216.mat,[],[],[]
BB_z_216.mat,[],[],[]
BB_x_217.mat,[],[],[]
BB_y_217.mat,[],[],[]
BB_z_217.mat,[],[],[]
BB_x_218.mat,[],[],[]
BB_y_218.mat,[],[],[]
BB_z_218.mat,[],[],[]
BB_x_219.mat,[],[],[]
BB_y_219.mat,[],[],[]
BB_z_219.mat,[],[],[]
BB_x_220.mat,[],[],[]
BB_y_220.mat,[],[],[]
BB_z_220.mat,[],[],[]
BB_x_221.mat,[],[],[]
BB_y_221.mat,[],[],[]
BB_z_221.mat,[],[],[]
BB_x_222.mat,[],[],[]
BB_y_222.mat,[],[],[]
BB_z_222.mat,[],[],[]
BB_x_223.mat,[],[],[]
BB_y_223.mat,[],[],[]
BB_z_223.mat,[],[],[]
BB_x_224.mat,[],[],[]
BB_y_224.mat,[],[],[]
BB_z_224.mat,[],[],[]
BB_x_225.mat,[],[],[]
BB_y_225.mat,[],[],[]
BB_z_225.mat,[],[],[]
BB_x_226.mat,[],[],[]
BB_y_226.mat,[],[],[]
BB_z_226.mat,[],[],[]
BB_x_227.mat,[],[],[]
BB_y_227.mat,[],[],[]
BB_z_227.mat,[],[],[]
BB_x_228.mat,[],[],[]
BB_y_228.mat,[],[],[]
BB_z_228.mat,[],[],[]
BB_x_229.mat,[],[],[]
BB_y_229.mat,[],[],[]
BB_z_229.mat,[],[],[]
BB_x_230.mat,[],[],[]
BB_y_230.mat,[],[],[]
BB_z_230.mat,[],[],[]
BB_x_231.mat,[],[],[]
BB_y_231.mat,[],[],[]
BB_z_231.mat,[],[],[]
BB_x_232.mat,[],[],[]
BB_y_232.mat,[],[],[]
BB_z_232.mat,[],[],[]
BB_x_233.mat,[],[],[]
BB_y_233.mat,[],[],[]
BB_z_233.mat,[],[],[]
BB_x_234.mat,[],[],[]
BB_y_234.mat,[],[],[]
BB_z_234.mat,[],[],[]
BB_x_235.mat,[],[],[]
BB_y_235.mat,[],[],[]
BB_z_235.mat,[],[],[]
BB_x_236.mat,[],[],[]
BB_y_236.mat,[],[],[]
BB_z_236.mat,[],[],[]
BB_x_237.mat,[],[],[]
BB_y_237.mat,[],[],[]
BB_z_237.mat,[],[],[]
BB_x_238.mat,[],[],[]
BB_y_238.mat,[],[],[]
BB_z_238.mat,[],[],[]
BB_x_239.mat,[],[],[]
BB_y_239.mat,[],[],[]
BB_z_239.mat,[],[],[]
BB_x_240.mat,[],[],[]
BB_y_240.mat,[],[],[]
BB_z_240.mat,[],[],[]
BB_x_241.mat,[],[],[]
BB_y_241.mat,[],[],[]
BB_z_241.mat,[],[],[]
BB_x_242.mat,[],[],[]
BB_y_242.mat,[],[],[]
BB_z_242.mat,[],[],[]
BB_x_243.mat,[],[],[]
BB_y_243.mat,[],[],[]
BB_z_243.mat,[],[],[]
BB_x_244.mat,[],[],[]
BB_y_244.mat,[],[],[]
BB_z_244.mat,[],[],[]
BB_x_245.mat,[],[],[]
BB_y_245.mat,[],[],[]
BB_z_245.mat,[],[],[]
BB_x_246.mat,[],[],[]
BB_y_246.mat,[],[],[]
BB_z_246.mat,[],[],[]
BB_x_247.mat,[],[],[]
BB_y_247.mat,[],[],[]
BB_z_247.mat,[],[],[]
BB_x_248.mat,[],[],[]
BB_y_248.mat,[],[],[]
BB_z_248.mat,[],[],[]
BB_x_249.mat,[],[],[]
BB_y_249.mat,[],[],[]
BB_z_249.mat,[],[],[]
BB_x_250.mat,[],[],[]
BB_y_250.mat,[],[],[]
BB_z_250.mat,[],[],[]
BB_x_251.mat,[],[],[]
BB_y_251.mat,[],[],[]
BB_z_251.mat,[],[],[]
BB_x_252.mat,[],[],[]
BB_y_252.mat,[],[],[]
BB_z_252.mat,[],[],[]
BB_x_253.mat,[],[],[]
BB_y_253.mat,[],[],[]
BB_z_253.mat,[],[],[]
BB_x_254.mat,[],[],[]
BB_y_254.mat,[],[],[]
BB_z_254.mat,[],[],[]
BB_x_255.mat,[],[],[]
BB_y_255.mat,[],[],[]
BB_z_255.mat,[],[],[]
BB_x_256.mat,[],[],[]
BB_y_256.mat,[],[],[]
BB_z_256.mat,[],[],[]
BB_x_257.mat,[],[],[]
BB_y_257.mat,[],[],[]
BB_z_257.mat,[],[],[]
BB_x_258.mat,[],[],[]
BB_y_258.mat,[],[],[]
BB_z_258.mat,[],[],[]
BB_x_259.mat,[],[],[]
BB_y_259.mat,[],[],[]
BB_z_259.mat,[],[],[]
BB_x_260.mat,[],[],[]
BB_y_260.mat,[],[],[]
BB_z_260.mat,[],[],[]
BB_x_261.mat,[],[],[]
BB_y_261.mat,[],[],[]
BB_z_261.mat,[],[],[]
BB_x_262.mat,[],[],[]
BB_y_262.mat,[],[],[]
BB_z_262.mat,[],[],[]
BB_x_263.mat,[],[],[]
BB_y_263.mat,[],[],[]
BB_z_263.mat,[],[],[]
BB_x_264.mat,[],[],[]
BB_y_264.mat,[],[],[]
BB_z_264.mat,[],[],[]
BB_x_265.mat,[],[],[]
BB_y_265.mat,[],[],[]
BB_z_265.mat,[],[],[]
BB_x_266.mat,[],[],[]
BB_y_266.mat,[],[],[]
BB_z_266.mat,[],[],[]
BB_x_267.mat,[],[],[]
BB_y_267.mat,[],[],[]
BB_z_267.mat,[],[],[]
BB_x_268.mat,[],[],[]
BB_y_268.mat,[],[],[]
BB_z_268.mat,[],[],[]
BB_x_269.mat,[],[],[]
BB_y_269.mat,[],[],[]
BB_z_269.mat,[],[],[]
BB_x_270.mat,[],[],[]
BB_y_270.mat,[],[],[]
BB_z_270.mat,[],[],[]
BB_x_271.mat,[],[],[]
BB_y_271.mat,[],[],[]
BB_z_271.mat,[],[],[]
BB_x_272.mat,[],[],[]
BB_y_272.mat,[],[],[]
BB_z_272.mat,[],[],[]
BB_x_273.mat,[],[],[]
BB_y_273.mat,[],[],[]
BB_z_273.mat,[],[],[]
BB_x_274.mat,[],[],[]
BB_y_274.mat,[],[],[]
BB_z_274.mat,[],[],[]
BB_x_275.mat,[],[],[]
BB_y_275.mat,[],[],[]
BB_z_275.mat,[],[],[]
BB_x_276.mat,[],[],[]
BB_y_276.mat,[],[],[]
BB_z_276.mat,[],[],[]
BB_x_277.mat,[],[],[]
BB_y_277.mat,[],[],[]
BB_z_277.mat,[],[],[]
BB_x_278.mat,[],[],[]
BB_y_278.mat,[],[],[]
BB_z_278.mat,[],[],[]
BB_x_279.mat,[],[],[]
BB_y_279.mat,[],[],[]
BB_z_279.mat,[],[],[]
BB_x_280.mat,[],[],[]
BB_y_280.mat,[],[],[]
BB_z_280.mat,[],[],[]
BB_x_281.mat,[],[],[]
BB_y_281.mat,[],[],[]
BB_z_281.mat,[],[],[]
BB_x_282.mat,[],[],[]
BB_y_282.mat,[],[],[]
BB_z_282.mat,[],[],[]
BB_x_283.mat,[],[],[]
BB_y_283.mat,[],[],[]
BB_z_283.mat,[],[],[]
BB_x_284.mat,[],[],[]
BB_y_284.mat,[],[],[]
BB_z_284.mat,[],[],[]
BB_x_285.mat,[],[],[]
BB_y_285.mat,[],[],[]
BB_z_285.mat,[],[],[]
BB_x_286.mat,[],[],[]
BB_y_286.mat,[],[],[]
BB_z_286.mat,[],[],[]
BB_x_287.mat,[],[],[]
BB_y_287.mat,[],[],[]
BB_z_287.mat,[],[],[]
BB_x_288.mat,[],[],[]
BB_y_288.mat,[],[],[]
BB_z_288.mat,[],[],[]
BB_x_289.mat,[],[],[]
BB_y_289.mat,[],[],[]
BB_z_289.mat,[],[],[]
BB_x_290.mat,[],[],[]
BB_y_290.mat,[],[],[]
BB_z_290.mat,[],[],[]
BB_x_291.mat,[],[],[]
BB_y_291.mat,[],[],[]
BB_z_291.mat,[],[],[]
BB_x_292.mat,[],[],[]
BB_y_292.mat,[],[],[]
BB_z_292.mat,[],[],[]
BB_x_293.mat,[],[],[]
BB_y_293.mat,[],[],[]
BB_z_293.mat,[],[],[]
BB_x_294.mat,[],[],[]
BB_y_294.mat,[],[],[]
BB_z_294.mat,[],[],[]
BB_x_295.mat,[],[],[]
BB_y_295.mat,[],[],[]
BB_z_295.mat,[],[],[]
BB_x_296.mat,[],[],[]
BB_y_296.mat,[],[],[]
BB_z_296.mat,[],[],[]
BB_x_297.mat,[],[],[]
BB_y_297.mat,[],[],[]
BB_z_297.mat,[],[],[]
BB_x_298.mat,[],[],[]
BB_y_298.mat,[],[],[]
BB_z_298.mat,[],[],[]
BB_x_299.mat,[],[],[]
BB_y_299.mat,[],[],[]
BB_z_299.mat,[],[],[]
BB_x_300.mat,[],[],[]
BB_y_300.mat,[],[],[]
BB_z_300.mat,[],[],[]
BB_x_301.mat,[],[],[]
BB_y_301.mat,[],[],[]
BB_z_301.mat,[],[],[]
BB_x_302.mat,[],[],[]
BB_y_302.mat,[],[],[]
BB_z_302.mat,[],[],[]
BB_x_303.mat,[],[],[]
BB_y_303.mat,[],[],[]
BB_z_303.mat,[],[],[]
BB_x_304.mat,[],[],[]
BB_y_304.mat,[],[],[]
BB_z_304.mat,[],[],[]
BB_x_305.mat,[],[],[]
BB_y_305.mat,[],[],[]
BB_z_305.mat,[],[],[]
BB_x_306.mat,[],[],[]
BB_y_306.mat,[],[],[]
BB_z_306.mat,[],[],[]
BB_x_307.mat,[],[],[]
BB_y_307.mat,[],[],[]
BB_z_307.mat,[],[],[]
BB_x_308.mat,[],[],[]
BB_y_308.mat,[],[],[]
BB_z_308.mat,[],[],[]
BB_x_309.mat,[],[],[]
BB_y_309.mat,[],[],[]
BB_z_309.mat,[],[],[]
BB_x_310.mat,[],[],[]
BB_y_310.mat,[],[],[]
BB_z_310.mat,[],[],[]
BB_x_311.mat,[],[],[]
BB_y_311.mat,[],[],[]
BB_z_311.mat,[],[],[]
BB_x_312.mat,[],[],[]
BB_y_312.mat,[],[],[]
BB_z_312.mat,[],[],[]
BB_x_313.mat,[],[],[]
BB_y_313.mat,[],[],[]
BB_z_313.mat,[],[],[]
BB_x_314.mat,[],[],[]
BB_y_314.mat,[],[],[]
BB_z_314.mat,[],[],[]
BB_x_315.mat,[],[],[]
BB_y_315.mat,[],[],[]
BB_z_315.mat,[],[],[]
BB_x_316.mat,[],[],[]
BB_y_316.mat,[],[],[]
BB_z_316.mat,[],[],[]
BB_x_317.mat,[],[],[]
BB_y_317.mat,[],[],[]
BB_z_317.mat,[],[],[]
BB_x_318.mat,[],[],[]
BB_y_318.mat,[],[],[]
BB_z_318.mat,[],[],[]
BB_x_319.mat,[],[],[]
BB_y_319.mat,[],[],[]
BB_z_319.mat,[],[],[]
BB_x_320.mat,[],[],[]
BB_y_320.mat,[],[],[]
BB_z_320.mat,[],[],[]
BB_x_321.mat,[],[],[]
BB_y_321.mat,[],[],[]
BB_z_321.mat,[],[],[]
BB_x_322.mat,[],[],[]
BB_y_322.mat,[],[],[]
BB_z_322.mat,[],[],[]
BB_x_323.mat,[],[],[]
BB_y_323.mat,[],[],[]
BB_z_323.mat,[],[],[]
BB_x_324.mat,[],[],[]
BB_y_324.mat,[],[],[]
BB_z_324.mat,[],[],[]
BB_x_325.mat,[],[],[]
BB_y_325.mat,[],[],[]
BB_z_325.mat,[],[],[]
BB_x_326.mat,[],[],[]
BB_y_326.mat,[],[],[]
BB_z_326.mat,[],[],[]
BB_x_327.mat,[],[],[]
BB_y_327.mat,[],[],[]
BB_z_327.mat,[],[],[]
BB_x_328.mat,[],[],[]
BB_y_328.mat,[],[],[]
BB_z_328.mat,[],[],[]
BB_x_329.mat,[],[],[]
BB_y_329.mat,[],[],[]
BB_z_329.mat,[],[],[]
BB_x_330.mat,[],[],[]
BB_y_330.mat,[],[],[]
BB_z_330.mat,[],[],[]
BB_x_331.mat,[],[],[]
BB_y_331.mat,[],[],[]
BB_z_331.mat,[],[],[]
BB_x_332.mat,[],[],[]
BB_y_332.mat,[],[],[]
BB_z_332.mat,[],[],[]
BB_x_333.mat,[],[],[]
BB_y_333.mat,[],[],[]
BB_z_333.mat,[],[],[]
BB_x_334.mat,[],[],[]
BB_y_334.mat,[],[],[]
BB_z_334.mat,[],[],[]
BB_x_335.mat,[],[],[]
BB_y_335.mat,[],[],[]
BB_z_335.mat,[],[],[]
BB_x_336.mat,[],[],[]
BB_y_336.mat,[],[],[]
BB_z_336.mat,[],[],[]
BB_x_337.mat,[],[],[]
BB_y_337.mat,[],[],[]
BB_z_337.mat,[],[],[]
BB_x_338.mat,[],[],[]
BB_y_338.mat,[],[],[]
BB_z_338.mat,[],[],[]
BB_x_339.mat,[],[],[]
BB_y_339.mat,[],[],[]
BB_z_339.mat,[],[],[]
BB_x_340.mat,[],[],[]
BB_y_340.mat,[],[],[]
BB_z_340.mat,[],[],[]
BB_x_341.mat,[],[],[]
BB_y_341.mat,[],[],[]
BB_z_341.mat,[],[],[]
BB_x_342.mat,[],[],[]
BB_y_342.mat,[],[],[]
BB_z_342.mat,[],[],[]
BB_x_343.mat,[],[],[]
BB_y_343.mat,[],[],[]
BB_z_343.mat,[],[],[]
